instance_id,size_class,n_stars,n_edges,n_anchor,n_relay,n_dim,p_anchor,p_relay,graph_density,n_crossing_pairs,solver_decisions,difficulty_bucket
stellarium_L_000,L,50,99,37,10,3,0.74,0.2,1.98,0,0,easy
stellarium_L_001,L,49,92,33,14,2,0.673469387755102,0.2857142857142857,1.8775510204081634,0,0,easy
stellarium_L_002,L,48,95,31,14,3,0.6458333333333334,0.2916666666666667,1.9791666666666667,0,0,easy
stellarium_L_003,L,54,97,41,10,3,0.7592592592592593,0.18518518518518517,1.7962962962962963,0,0,easy
stellarium_L_004,L,50,90,39,10,1,0.78,0.2,1.8,0,0,easy
stellarium_L_005,L,55,131,31,12,12,0.5636363636363636,0.21818181818181817,2.381818181818182,0,3,hard
stellarium_L_006,L,51,96,35,14,2,0.6862745098039216,0.27450980392156865,1.8823529411764706,0,0,easy
stellarium_L_007,L,55,118,35,10,10,0.6363636363636364,0.18181818181818182,2.1454545454545455,0,0,easy
stellarium_L_008,L,47,93,30,14,3,0.6382978723404256,0.2978723404255319,1.9787234042553192,0,0,easy
stellarium_L_009,L,47,99,30,10,7,0.6382978723404256,0.2127659574468085,2.106382978723404,0,10,hard
stellarium_L_010,L,53,115,33,14,6,0.6226415094339622,0.2641509433962264,2.169811320754717,0,0,easy
stellarium_L_011,L,49,112,24,16,9,0.4897959183673469,0.32653061224489793,2.2857142857142856,0,30,hard
stellarium_L_012,L,54,107,41,8,5,0.7592592592592593,0.14814814814814814,1.9814814814814814,0,0,easy
stellarium_L_013,L,54,122,31,12,11,0.5740740740740741,0.2222222222222222,2.259259259259259,0,0,easy
stellarium_L_014,L,50,103,34,10,6,0.68,0.2,2.06,0,0,easy
stellarium_L_015,L,47,95,36,8,3,0.7659574468085106,0.1702127659574468,2.021276595744681,0,0,easy
stellarium_L_016,L,52,101,34,12,6,0.6538461538461539,0.23076923076923078,1.9423076923076923,0,0,easy
stellarium_L_017,L,45,87,26,14,5,0.5777777777777777,0.3111111111111111,1.9333333333333333,0,0,easy
stellarium_L_018,L,46,87,29,14,3,0.6304347826086957,0.30434782608695654,1.891304347826087,0,0,easy
stellarium_L_019,L,55,107,44,8,3,0.8,0.14545454545454545,1.9454545454545455,0,0,easy
stellarium_M_000,M,28,58,17,6,5,0.6071428571428571,0.21428571428571427,2.0714285714285716,0,0,easy
stellarium_M_001,M,26,55,9,12,5,0.34615384615384615,0.46153846153846156,2.1153846153846154,0,0,easy
stellarium_M_002,M,29,70,17,4,8,0.5862068965517241,0.13793103448275862,2.413793103448276,0,0,easy
stellarium_M_003,M,35,69,22,8,5,0.6285714285714286,0.22857142857142856,1.9714285714285715,0,0,easy
stellarium_M_004,M,30,58,21,6,3,0.7,0.2,1.9333333333333333,0,0,easy
stellarium_M_005,M,30,52,22,6,2,0.7333333333333333,0.2,1.7333333333333334,0,0,easy
stellarium_M_006,M,28,47,22,6,0,0.7857142857142857,0.21428571428571427,1.6785714285714286,0,0,easy
stellarium_M_007,M,29,52,21,6,2,0.7241379310344828,0.20689655172413793,1.793103448275862,0,0,easy
stellarium_M_008,M,35,68,23,8,4,0.6571428571428571,0.22857142857142856,1.9428571428571428,0,0,easy
stellarium_M_009,M,26,45,20,6,0,0.7692307692307693,0.23076923076923078,1.7307692307692308,0,0,easy
stellarium_M_010,M,35,74,15,16,4,0.42857142857142855,0.45714285714285713,2.1142857142857143,0,0,easy
stellarium_M_011,M,33,61,26,6,1,0.7878787878787878,0.18181818181818182,1.8484848484848484,0,0,easy
stellarium_M_012,M,28,62,13,8,7,0.4642857142857143,0.2857142857142857,2.2142857142857144,0,0,easy
stellarium_M_013,M,32,65,24,6,2,0.75,0.1875,2.03125,0,0,easy
stellarium_M_014,M,29,66,17,6,6,0.5862068965517241,0.20689655172413793,2.2758620689655173,0,0,easy
stellarium_M_015,M,35,62,22,10,3,0.6285714285714286,0.2857142857142857,1.7714285714285714,0,0,easy
stellarium_M_016,M,33,70,17,12,4,0.5151515151515151,0.36363636363636365,2.121212121212121,0,0,easy
stellarium_M_017,M,35,68,25,8,2,0.7142857142857143,0.22857142857142856,1.9428571428571428,0,0,easy
stellarium_M_018,M,25,45,14,10,1,0.56,0.4,1.8,0,0,easy
stellarium_M_019,M,25,44,18,6,1,0.72,0.24,1.76,0,0,easy
stellarium_S_000,S,18,36,14,0,4,0.7777777777777778,0.0,2.0,0,0,easy
stellarium_S_001,S,17,29,10,6,1,0.5882352941176471,0.35294117647058826,1.7058823529411764,0,0,easy
stellarium_S_002,S,16,27,8,6,2,0.5,0.375,1.6875,0,0,easy
stellarium_S_003,S,17,29,13,4,0,0.7647058823529411,0.23529411764705882,1.7058823529411764,0,0,easy
stellarium_S_004,S,15,27,7,6,2,0.4666666666666667,0.4,1.8,0,0,easy
stellarium_S_005,S,15,30,11,2,2,0.7333333333333333,0.13333333333333333,2.0,0,0,easy
stellarium_S_006,S,17,35,12,2,3,0.7058823529411765,0.11764705882352941,2.0588235294117645,0,0,easy
stellarium_S_007,S,17,30,14,2,1,0.8235294117647058,0.11764705882352941,1.7647058823529411,0,0,easy
stellarium_S_008,S,15,22,11,4,0,0.7333333333333333,0.26666666666666666,1.4666666666666666,0,0,easy
stellarium_S_009,S,18,30,14,4,0,0.7777777777777778,0.2222222222222222,1.6666666666666667,0,0,easy
stellarium_S_010,S,15,25,11,4,0,0.7333333333333333,0.26666666666666666,1.6666666666666667,0,0,easy
stellarium_S_011,S,18,33,7,8,3,0.3888888888888889,0.4444444444444444,1.8333333333333333,0,0,easy
stellarium_S_012,S,19,38,13,4,2,0.6842105263157895,0.21052631578947367,2.0,0,0,easy
stellarium_S_013,S,20,35,13,6,1,0.65,0.3,1.75,0,0,easy
stellarium_S_014,S,17,30,11,4,2,0.6470588235294118,0.23529411764705882,1.7647058823529411,0,0,easy
stellarium_S_015,S,16,26,14,2,0,0.875,0.125,1.625,0,0,easy
stellarium_S_016,S,15,26,12,2,1,0.8,0.13333333333333333,1.7333333333333334,0,0,easy
stellarium_S_017,S,20,39,11,6,3,0.55,0.3,1.95,0,0,easy
stellarium_S_018,S,17,29,13,4,0,0.7647058823529411,0.23529411764705882,1.7058823529411764,0,0,easy
stellarium_S_019,S,15,31,7,4,4,0.4666666666666667,0.26666666666666666,2.066666666666667,0,0,easy
stellarium_XL_000,XL,80,138,65,14,1,0.8125,0.175,1.725,0,0,easy
stellarium_XL_001,XL,79,174,49,22,8,0.620253164556962,0.27848101265822783,2.2025316455696204,0,0,easy
stellarium_XL_002,XL,76,141,58,18,0,0.7631578947368421,0.23684210526315788,1.855263157894737,0,0,easy
stellarium_XL_003,XL,79,159,57,16,6,0.7215189873417721,0.20253164556962025,2.0126582278481013,0,0,easy
stellarium_XL_004,XL,77,156,61,12,4,0.7922077922077922,0.15584415584415584,2.0259740259740258,0,0,easy
stellarium_XL_005,XL,74,142,57,12,5,0.7702702702702703,0.16216216216216217,1.9189189189189189,0,0,easy
stellarium_XL_006,XL,78,167,47,22,9,0.6025641025641025,0.28205128205128205,2.141025641025641,0,0,easy
stellarium_XL_007,XL,70,137,48,18,4,0.6857142857142857,0.2571428571428571,1.957142857142857,0,0,easy
stellarium_XL_008,XL,71,146,51,12,8,0.7183098591549296,0.16901408450704225,2.056338028169014,0,0,easy
stellarium_XL_009,XL,78,172,46,24,8,0.5897435897435898,0.3076923076923077,2.2051282051282053,0,13,hard
stellarium_XL_010,XL,74,141,56,14,4,0.7567567567567568,0.1891891891891892,1.9054054054054055,0,23,hard
stellarium_XL_011,XL,80,177,52,18,10,0.65,0.225,2.2125,0,6,hard
stellarium_XL_012,XL,71,134,61,8,2,0.8591549295774648,0.11267605633802817,1.8873239436619718,0,0,easy
stellarium_XL_013,XL,76,161,54,16,6,0.7105263157894737,0.21052631578947367,2.1184210526315788,0,16,hard
stellarium_XL_014,XL,77,146,55,18,4,0.7142857142857143,0.23376623376623376,1.896103896103896,0,11,hard
stellarium_XL_015,XL,74,158,45,18,11,0.6081081081081081,0.24324324324324326,2.135135135135135,0,0,easy
stellarium_XL_016,XL,78,144,58,16,4,0.7435897435897436,0.20512820512820512,1.8461538461538463,0,33,hard
stellarium_XL_017,XL,72,147,56,10,6,0.7777777777777778,0.1388888888888889,2.0416666666666665,0,0,easy
stellarium_XL_018,XL,71,155,51,10,10,0.7183098591549296,0.14084507042253522,2.183098591549296,0,0,easy
stellarium_XL_019,XL,80,168,63,8,9,0.7875,0.1,2.1,0,0,easy
stellarium_XS_000,XS,10,14,10,0,0,1.0,0.0,1.4,0,0,easy
stellarium_XS_001,XS,8,12,5,2,1,0.625,0.25,1.5,0,0,easy
stellarium_XS_002,XS,9,16,5,2,2,0.5555555555555556,0.2222222222222222,1.7777777777777777,0,0,easy
stellarium_XS_003,XS,8,15,3,4,1,0.375,0.5,1.875,0,0,easy
stellarium_XS_004,XS,10,15,6,4,0,0.6,0.4,1.5,0,0,easy
stellarium_XS_005,XS,10,21,5,2,3,0.5,0.2,2.1,0,0,easy
stellarium_XS_006,XS,10,18,7,2,1,0.7,0.2,1.8,0,0,easy
stellarium_XS_007,XS,10,15,8,2,0,0.8,0.2,1.5,0,0,easy
stellarium_XS_008,XS,8,14,5,2,1,0.625,0.25,1.75,0,0,easy
stellarium_XS_009,XS,8,12,7,0,1,0.875,0.0,1.5,0,0,easy
stellarium_XS_010,XS,8,11,6,2,0,0.75,0.25,1.375,0,0,easy
stellarium_XS_011,XS,10,17,7,2,1,0.7,0.2,1.7,0,0,easy
stellarium_XS_012,XS,10,16,8,2,0,0.8,0.2,1.6,0,0,easy
stellarium_XS_013,XS,10,16,4,4,2,0.4,0.4,1.6,0,0,easy
stellarium_XS_014,XS,10,15,5,4,1,0.5,0.4,1.5,0,0,easy
stellarium_XS_015,XS,9,16,5,0,4,0.5555555555555556,0.0,1.7777777777777777,0,0,easy
stellarium_XS_016,XS,9,15,7,2,0,0.7777777777777778,0.2222222222222222,1.6666666666666667,0,0,easy
stellarium_XS_017,XS,9,14,7,2,0,0.7777777777777778,0.2222222222222222,1.5555555555555556,0,0,easy
stellarium_XS_018,XS,8,15,6,0,2,0.75,0.0,1.875,0,0,easy
stellarium_XS_019,XS,8,13,6,2,0,0.75,0.25,1.625,0,0,easy
