instance_id,size_class,n_stars,n_edges,difficulty_bucket,encoding,solver,solve_time,decisions,n_clauses,n_constraints,n_vars,nodes,satisfiable
stellarium_L_000,L,50,99,easy,sat,Cadical103,2.5958986952900887e-05,0.0,661.0,,,,True
stellarium_L_000,L,50,99,easy,sat,Minisat22,3.9207981899380684e-05,2.0,661.0,,,,True
stellarium_L_000,L,50,99,easy,smt,Z3,0.0008879590313881636,,,61.0,,,True
stellarium_L_000,L,50,99,easy,ip,Gurobi,0.00029608304612338543,,,50.0,99.0,0.0,True
stellarium_L_001,L,49,92,easy,sat,Cadical103,2.1625077351927757e-05,0.0,587.0,,,,True
stellarium_L_001,L,49,92,easy,sat,Minisat22,2.6292167603969574e-05,2.0,587.0,,,,True
stellarium_L_001,L,49,92,easy,smt,Z3,0.0006832079961895943,,,57.0,,,True
stellarium_L_001,L,49,92,easy,ip,Gurobi,0.00010825018398463726,,,49.0,92.0,0.0,True
stellarium_L_002,L,48,95,easy,sat,Cadical103,2.0625069737434387e-05,0.0,587.0,,,,True
stellarium_L_002,L,48,95,easy,sat,Minisat22,5.187490023672581e-05,5.0,587.0,,,,True
stellarium_L_002,L,48,95,easy,smt,Z3,0.0011982908472418785,,,63.0,,,True
stellarium_L_002,L,48,95,easy,ip,Gurobi,0.00010870816186070442,,,48.0,95.0,0.0,True
stellarium_L_003,L,54,97,easy,sat,Cadical103,2.2792024537920952e-05,0.0,621.0,,,,True
stellarium_L_003,L,54,97,easy,sat,Minisat22,5.6541990488767624e-05,2.0,621.0,,,,True
stellarium_L_003,L,54,97,easy,smt,Z3,0.0008225829806178808,,,64.0,,,True
stellarium_L_003,L,54,97,easy,ip,Gurobi,0.00014012516476213932,,,54.0,97.0,0.0,True
stellarium_L_004,L,50,90,easy,sat,Cadical103,1.7833895981311798e-05,0.0,561.0,,,,True
stellarium_L_004,L,50,90,easy,sat,Minisat22,2.8416048735380173e-05,2.0,561.0,,,,True
stellarium_L_004,L,50,90,easy,smt,Z3,0.0006824578158557415,,,52.0,,,True
stellarium_L_004,L,50,90,easy,ip,Gurobi,0.00011320807971060276,,,50.0,90.0,0.0,True
stellarium_L_005,L,55,131,hard,sat,Cadical103,3.837491385638714e-05,3.0,861.0,,,,True
stellarium_L_005,L,55,131,hard,sat,Minisat22,6.670900620520115e-05,7.0,861.0,,,,True
stellarium_L_005,L,55,131,hard,smt,Z3,0.0015848749317228794,,,102.0,,,True
stellarium_L_005,L,55,131,hard,ip,Gurobi,0.00037829112261533737,,,55.0,131.0,0.0,True
stellarium_L_006,L,51,96,easy,sat,Cadical103,2.1165935322642326e-05,0.0,608.0,,,,True
stellarium_L_006,L,51,96,easy,sat,Minisat22,3.408314660191536e-05,2.0,608.0,,,,True
stellarium_L_006,L,51,96,easy,smt,Z3,0.0008682080078870058,,,58.0,,,True
stellarium_L_006,L,51,96,easy,ip,Gurobi,0.00026062503457069397,,,51.0,96.0,0.0,True
stellarium_L_007,L,55,118,easy,sat,Cadical103,3.658304922282696e-05,0.0,757.0,,,,True
stellarium_L_007,L,55,118,easy,sat,Minisat22,5.062483251094818e-05,7.0,757.0,,,,True
stellarium_L_007,L,55,118,easy,smt,Z3,0.0012583339121192694,,,95.0,,,True
stellarium_L_007,L,55,118,easy,ip,Gurobi,0.00044541689567267895,,,55.0,118.0,0.0,True
stellarium_L_008,L,47,93,easy,sat,Cadical103,2.0625069737434387e-05,0.0,574.0,,,,True
stellarium_L_008,L,47,93,easy,sat,Minisat22,3.6833109334111214e-05,2.0,574.0,,,,True
stellarium_L_008,L,47,93,easy,smt,Z3,0.0007311671506613493,,,58.0,,,True
stellarium_L_008,L,47,93,easy,ip,Gurobi,7.408298552036285e-05,,,47.0,93.0,0.0,True
stellarium_L_009,L,47,99,hard,sat,Cadical103,4.9584079533815384e-05,10.0,639.0,,,,True
stellarium_L_009,L,47,99,hard,sat,Minisat22,6.858399137854576e-05,36.0,639.0,,,,True
stellarium_L_009,L,47,99,hard,smt,Z3,0.0012500828597694635,,,77.0,,,True
stellarium_L_009,L,47,99,hard,ip,Gurobi,0.00041066715493798256,,,47.0,99.0,0.0,True
stellarium_L_010,L,53,115,easy,sat,Cadical103,2.8542010113596916e-05,0.0,736.0,,,,True
stellarium_L_010,L,53,115,easy,sat,Minisat22,5.9125013649463654e-05,10.0,736.0,,,,True
stellarium_L_010,L,53,115,easy,smt,Z3,0.0012210828717797995,,,78.0,,,True
stellarium_L_010,L,53,115,easy,ip,Gurobi,0.00031025009229779243,,,53.0,115.0,0.0,True
stellarium_L_011,L,49,112,hard,sat,Cadical103,8.754199370741844e-05,30.0,708.0,,,,True
stellarium_L_011,L,49,112,hard,sat,Minisat22,6.295810453593731e-05,12.0,708.0,,,,True
stellarium_L_011,L,49,112,hard,smt,Z3,0.0013028329703956842,,,80.0,,,True
stellarium_L_011,L,49,112,hard,ip,Gurobi,0.00015050009824335575,,,49.0,112.0,0.0,True
stellarium_L_012,L,54,107,easy,sat,Cadical103,2.420879900455475e-05,0.0,701.0,,,,True
stellarium_L_012,L,54,107,easy,sat,Minisat22,4.654214717447758e-05,5.0,701.0,,,,True
stellarium_L_012,L,54,107,easy,smt,Z3,0.0014432920143008232,,,74.0,,,True
stellarium_L_012,L,54,107,easy,ip,Gurobi,0.0002995419781655073,,,54.0,107.0,0.0,True
stellarium_L_013,L,54,122,easy,sat,Cadical103,2.6250025257468224e-05,0.0,818.0,,,,True
stellarium_L_013,L,54,122,easy,sat,Minisat22,4.0207989513874054e-05,2.0,818.0,,,,True
stellarium_L_013,L,54,122,easy,smt,Z3,0.001200416823849082,,,96.0,,,True
stellarium_L_013,L,54,122,easy,ip,Gurobi,0.00014754105359315872,,,54.0,122.0,0.0,True
stellarium_L_014,L,50,103,easy,sat,Cadical103,2.2833002731204033e-05,0.0,676.0,,,,True
stellarium_L_014,L,50,103,easy,sat,Minisat22,5.529192276299e-05,6.0,676.0,,,,True
stellarium_L_014,L,50,103,easy,smt,Z3,0.0011545829474925995,,,71.0,,,True
stellarium_L_014,L,50,103,easy,ip,Gurobi,7.191719487309456e-05,,,50.0,103.0,0.0,True
stellarium_L_015,L,47,95,easy,sat,Cadical103,2.870894968509674e-05,0.0,641.0,,,,True
stellarium_L_015,L,47,95,easy,sat,Minisat22,0.0001557499635964632,21.0,641.0,,,,True
stellarium_L_015,L,47,95,easy,smt,Z3,0.0012883751187473536,,,57.0,,,True
stellarium_L_015,L,47,95,easy,ip,Gurobi,0.0003194159362465143,,,47.0,95.0,0.0,True
stellarium_L_016,L,52,101,easy,sat,Cadical103,2.1541956812143326e-05,0.0,622.0,,,,True
stellarium_L_016,L,52,101,easy,sat,Minisat22,2.945796586573124e-05,2.0,622.0,,,,True
stellarium_L_016,L,52,101,easy,smt,Z3,0.0007807919755578041,,,73.0,,,True
stellarium_L_016,L,52,101,easy,ip,Gurobi,0.00013266690075397491,,,52.0,101.0,0.0,True
stellarium_L_017,L,45,87,easy,sat,Cadical103,1.8625054508447647e-05,0.0,529.0,,,,True
stellarium_L_017,L,45,87,easy,sat,Minisat22,3.141583874821663e-05,5.0,529.0,,,,True
stellarium_L_017,L,45,87,easy,smt,Z3,0.001079958863556385,,,62.0,,,True
stellarium_L_017,L,45,87,easy,ip,Gurobi,0.00012158416211605072,,,45.0,87.0,0.0,True
stellarium_L_018,L,46,87,easy,sat,Cadical103,2.337503246963024e-05,0.0,575.0,,,,True
stellarium_L_018,L,46,87,easy,sat,Minisat22,4.962482489645481e-05,8.0,575.0,,,,True
stellarium_L_018,L,46,87,easy,smt,Z3,0.0009680830407887697,,,57.0,,,True
stellarium_L_018,L,46,87,easy,ip,Gurobi,7.408298552036285e-05,,,46.0,87.0,0.0,True
stellarium_L_019,L,55,107,easy,sat,Cadical103,2.4958979338407516e-05,0.0,744.0,,,,True
stellarium_L_019,L,55,107,easy,sat,Minisat22,4.466692917048931e-05,4.0,744.0,,,,True
stellarium_L_019,L,55,107,easy,smt,Z3,0.0014402910601347685,,,66.0,,,True
stellarium_L_019,L,55,107,easy,ip,Gurobi,0.00030091707594692707,,,55.0,107.0,0.0,True
stellarium_M_000,M,28,58,easy,sat,Cadical103,1.6582896932959557e-05,0.0,380.0,,,,True
stellarium_M_000,M,28,58,easy,sat,Minisat22,3.300001844763756e-05,2.0,380.0,,,,True
stellarium_M_000,M,28,58,easy,smt,Z3,0.0005459168460220098,,,43.0,,,True
stellarium_M_000,M,28,58,easy,ip,Gurobi,7.620919495820999e-05,,,28.0,58.0,0.0,True
stellarium_M_001,M,26,55,easy,sat,Cadical103,1.7709098756313324e-05,0.0,279.0,,,,True
stellarium_M_001,M,26,55,easy,sat,Minisat22,2.970895729959011e-05,2.0,279.0,,,,True
stellarium_M_001,M,26,55,easy,smt,Z3,0.00038545788265764713,,,45.0,,,True
stellarium_M_001,M,26,55,easy,ip,Gurobi,5.670799873769283e-05,,,26.0,55.0,0.0,True
stellarium_M_002,M,29,70,easy,sat,Cadical103,1.6666948795318604e-05,0.0,489.0,,,,True
stellarium_M_002,M,29,70,easy,sat,Minisat22,2.1582935005426407e-05,2.0,489.0,,,,True
stellarium_M_002,M,29,70,easy,smt,Z3,0.0005041670519858599,,,57.0,,,True
stellarium_M_002,M,29,70,easy,ip,Gurobi,8.725002408027649e-05,,,29.0,70.0,0.0,True
stellarium_M_003,M,35,69,easy,sat,Cadical103,1.833285205066204e-05,0.0,461.0,,,,True
stellarium_M_003,M,35,69,easy,sat,Minisat22,5.5208103731274605e-05,5.0,461.0,,,,True
stellarium_M_003,M,35,69,easy,smt,Z3,0.0008538330439478159,,,50.0,,,True
stellarium_M_003,M,35,69,easy,ip,Gurobi,7.183291018009186e-05,,,35.0,69.0,0.0,True
stellarium_M_004,M,30,58,easy,sat,Cadical103,1.333397813141346e-05,0.0,377.0,,,,True
stellarium_M_004,M,30,58,easy,sat,Minisat22,2.0624836906790733e-05,2.0,377.0,,,,True
stellarium_M_004,M,30,58,easy,smt,Z3,0.00046641682274639606,,,39.0,,,True
stellarium_M_004,M,30,58,easy,ip,Gurobi,7.658288814127445e-05,,,30.0,58.0,0.0,True
stellarium_M_005,M,30,52,easy,sat,Cadical103,1.4374963939189911e-05,0.0,312.0,,,,True
stellarium_M_005,M,30,52,easy,sat,Minisat22,4.27919439971447e-05,6.0,312.0,,,,True
stellarium_M_005,M,30,52,easy,smt,Z3,0.0009630830027163029,,,36.0,,,True
stellarium_M_005,M,30,52,easy,ip,Gurobi,5.179201252758503e-05,,,30.0,52.0,0.0,True
stellarium_M_006,M,28,47,easy,sat,Cadical103,1.2292061001062393e-05,0.0,270.0,,,,True
stellarium_M_006,M,28,47,easy,sat,Minisat22,2.6041176170110703e-05,2.0,270.0,,,,True
stellarium_M_006,M,28,47,easy,smt,Z3,0.00039204093627631664,,,28.0,,,True
stellarium_M_006,M,28,47,easy,ip,Gurobi,0.00021712505258619785,,,28.0,47.0,0.0,True
stellarium_M_007,M,29,52,easy,sat,Cadical103,1.1041061952710152e-05,0.0,320.0,,,,True
stellarium_M_007,M,29,52,easy,sat,Minisat22,1.8415972590446472e-05,2.0,320.0,,,,True
stellarium_M_007,M,29,52,easy,smt,Z3,0.0004338750150054693,,,34.0,,,True
stellarium_M_007,M,29,52,easy,ip,Gurobi,0.00010020798072218895,,,29.0,52.0,0.0,True
stellarium_M_008,M,35,68,easy,sat,Cadical103,1.700012944638729e-05,0.0,433.0,,,,True
stellarium_M_008,M,35,68,easy,sat,Minisat22,3.0458904802799225e-05,5.0,433.0,,,,True
stellarium_M_008,M,35,68,easy,smt,Z3,0.0012313330080360174,,,51.0,,,True
stellarium_M_008,M,35,68,easy,ip,Gurobi,0.0003177090547978878,,,35.0,68.0,0.0,True
stellarium_M_009,M,26,45,easy,sat,Cadical103,1.3249926269054413e-05,0.0,298.0,,,,True
stellarium_M_009,M,26,45,easy,sat,Minisat22,3.424985334277153e-05,2.0,298.0,,,,True
stellarium_M_009,M,26,45,easy,smt,Z3,0.0005369579885154963,,,26.0,,,True
stellarium_M_009,M,26,45,easy,ip,Gurobi,9.179185144603252e-05,,,26.0,45.0,0.0,True
stellarium_M_010,M,35,74,easy,sat,Cadical103,1.9124941900372505e-05,0.0,473.0,,,,True
stellarium_M_010,M,35,74,easy,sat,Minisat22,4.704180173575878e-05,2.0,473.0,,,,True
stellarium_M_010,M,35,74,easy,smt,Z3,0.0006853339727967978,,,49.0,,,True
stellarium_M_010,M,35,74,easy,ip,Gurobi,8.333404548466206e-05,,,35.0,74.0,0.0,True
stellarium_M_011,M,33,61,easy,sat,Cadical103,1.354096457362175e-05,0.0,402.0,,,,True
stellarium_M_011,M,33,61,easy,sat,Minisat22,2.3207860067486763e-05,2.0,402.0,,,,True
stellarium_M_011,M,33,61,easy,smt,Z3,0.00040549994446337223,,,38.0,,,True
stellarium_M_011,M,33,61,easy,ip,Gurobi,6.449990905821323e-05,,,33.0,61.0,0.0,True
stellarium_M_012,M,28,62,easy,sat,Cadical103,9.874813258647919e-06,0.0,344.0,,,,True
stellarium_M_012,M,28,62,easy,sat,Minisat22,1.929188147187233e-05,2.0,344.0,,,,True
stellarium_M_012,M,28,62,easy,smt,Z3,0.00045612500980496407,,,55.0,,,True
stellarium_M_012,M,28,62,easy,ip,Gurobi,8.124997839331627e-05,,,28.0,62.0,0.0,True
stellarium_M_013,M,32,65,easy,sat,Cadical103,1.6417121514678e-05,0.0,464.0,,,,True
stellarium_M_013,M,32,65,easy,sat,Minisat22,2.4166889488697052e-05,2.0,464.0,,,,True
stellarium_M_013,M,32,65,easy,smt,Z3,0.0005765410605818033,,,39.0,,,True
stellarium_M_013,M,32,65,easy,ip,Gurobi,8.575012907385826e-05,,,32.0,65.0,0.0,True
stellarium_M_014,M,29,66,easy,sat,Cadical103,1.3249926269054413e-05,0.0,417.0,,,,True
stellarium_M_014,M,29,66,easy,sat,Minisat22,2.187490463256836e-05,2.0,417.0,,,,True
stellarium_M_014,M,29,66,easy,smt,Z3,0.000470832921564579,,,48.0,,,True
stellarium_M_014,M,29,66,easy,ip,Gurobi,4.433281719684601e-05,,,29.0,66.0,0.0,True
stellarium_M_015,M,35,62,easy,sat,Cadical103,2.0208070054650307e-05,0.0,410.0,,,,True
stellarium_M_015,M,35,62,easy,sat,Minisat22,4.987511783838272e-05,5.0,410.0,,,,True
stellarium_M_015,M,35,62,easy,smt,Z3,0.0008998338598757982,,,43.0,,,True
stellarium_M_015,M,35,62,easy,ip,Gurobi,5.183299072086811e-05,,,35.0,62.0,0.0,True
stellarium_M_016,M,33,70,easy,sat,Cadical103,1.5083933249115944e-05,0.0,426.0,,,,True
stellarium_M_016,M,33,70,easy,sat,Minisat22,2.187490463256836e-05,2.0,426.0,,,,True
stellarium_M_016,M,33,70,easy,smt,Z3,0.0005703750066459179,,,47.0,,,True
stellarium_M_016,M,33,70,easy,ip,Gurobi,7.737497799098492e-05,,,33.0,70.0,0.0,True
stellarium_M_017,M,35,68,easy,sat,Cadical103,1.5832949429750443e-05,0.0,434.0,,,,True
stellarium_M_017,M,35,68,easy,sat,Minisat22,2.0792009308934212e-05,2.0,434.0,,,,True
stellarium_M_017,M,35,68,easy,smt,Z3,0.0007523749954998493,,,41.0,,,True
stellarium_M_017,M,35,68,easy,ip,Gurobi,8.04997980594635e-05,,,35.0,68.0,0.0,True
stellarium_M_018,M,25,45,easy,sat,Cadical103,1.2125121429562569e-05,0.0,245.0,,,,True
stellarium_M_018,M,25,45,easy,sat,Minisat22,4.120892845094204e-05,3.0,245.0,,,,True
stellarium_M_018,M,25,45,easy,smt,Z3,0.0007694580126553774,,,28.0,,,True
stellarium_M_018,M,25,45,easy,ip,Gurobi,8.170795626938343e-05,,,25.0,45.0,0.0,True
stellarium_M_019,M,25,44,easy,sat,Cadical103,1.1125113815069199e-05,0.0,255.0,,,,True
stellarium_M_019,M,25,44,easy,sat,Minisat22,1.8042046576738358e-05,2.0,255.0,,,,True
stellarium_M_019,M,25,44,easy,smt,Z3,0.00035091699101030827,,,29.0,,,True
stellarium_M_019,M,25,44,easy,ip,Gurobi,4.091719165444374e-05,,,25.0,44.0,0.0,True
stellarium_S_000,S,18,36,easy,sat,Cadical103,8.875038474798203e-06,0.0,242.0,,,,True
stellarium_S_000,S,18,36,easy,sat,Minisat22,1.4750054106116295e-05,2.0,242.0,,,,True
stellarium_S_000,S,18,36,easy,smt,Z3,0.00027183396741747856,,,30.0,,,True
stellarium_S_000,S,18,36,easy,ip,Gurobi,2.945913001894951e-05,,,18.0,36.0,0.0,True
stellarium_S_001,S,17,29,easy,sat,Cadical103,6.082933396100998e-06,0.0,160.0,,,,True
stellarium_S_001,S,17,29,easy,sat,Minisat22,1.2167030945420265e-05,2.0,160.0,,,,True
stellarium_S_001,S,17,29,easy,smt,Z3,0.00027945893816649914,,,19.0,,,True
stellarium_S_001,S,17,29,easy,ip,Gurobi,2.5999965146183968e-05,,,17.0,29.0,0.0,True
stellarium_S_002,S,16,27,easy,sat,Cadical103,5.249865353107452e-06,0.0,133.0,,,,True
stellarium_S_002,S,16,27,easy,sat,Minisat22,1.1082971468567848e-05,2.0,133.0,,,,True
stellarium_S_002,S,16,27,easy,smt,Z3,0.0003138328902423382,,,22.0,,,True
stellarium_S_002,S,16,27,easy,ip,Gurobi,4.108389839529991e-05,,,16.0,27.0,0.0,True
stellarium_S_003,S,17,29,easy,sat,Cadical103,8.95792618393898e-06,0.0,182.0,,,,True
stellarium_S_003,S,17,29,easy,sat,Minisat22,3.070780076086521e-05,2.0,182.0,,,,True
stellarium_S_003,S,17,29,easy,smt,Z3,0.0002645000349730253,,,17.0,,,True
stellarium_S_003,S,17,29,easy,ip,Gurobi,2.4333130568265915e-05,,,17.0,29.0,0.0,True
stellarium_S_004,S,15,27,easy,sat,Cadical103,5.832873284816742e-06,0.0,143.0,,,,True
stellarium_S_004,S,15,27,easy,sat,Minisat22,1.2709060683846474e-05,2.0,143.0,,,,True
stellarium_S_004,S,15,27,easy,smt,Z3,0.00026233308017253876,,,21.0,,,True
stellarium_S_004,S,15,27,easy,ip,Gurobi,4.437495954334736e-05,,,15.0,27.0,0.0,True
stellarium_S_005,S,15,30,easy,sat,Cadical103,7.832888513803482e-06,0.0,198.0,,,,True
stellarium_S_005,S,15,30,easy,sat,Minisat22,1.4374963939189911e-05,2.0,198.0,,,,True
stellarium_S_005,S,15,30,easy,smt,Z3,0.0002846249844878912,,,20.0,,,True
stellarium_S_005,S,15,30,easy,ip,Gurobi,6.0125021263957024e-05,,,15.0,30.0,0.0,True
stellarium_S_006,S,17,35,easy,sat,Cadical103,8.333008736371994e-06,0.0,221.0,,,,True
stellarium_S_006,S,17,35,easy,sat,Minisat22,1.4459015801548958e-05,2.0,221.0,,,,True
stellarium_S_006,S,17,35,easy,smt,Z3,0.0002518340479582548,,,26.0,,,True
stellarium_S_006,S,17,35,easy,ip,Gurobi,3.095809370279312e-05,,,17.0,35.0,0.0,True
stellarium_S_007,S,17,30,easy,sat,Cadical103,7.0410314947366714e-06,0.0,196.0,,,,True
stellarium_S_007,S,17,30,easy,sat,Minisat22,1.3416865840554237e-05,2.0,196.0,,,,True
stellarium_S_007,S,17,30,easy,smt,Z3,0.00024424982257187366,,,20.0,,,True
stellarium_S_007,S,17,30,easy,ip,Gurobi,3.0333874747157097e-05,,,17.0,30.0,0.0,True
stellarium_S_008,S,15,22,easy,sat,Cadical103,4.708068445324898e-06,0.0,104.0,,,,True
stellarium_S_008,S,15,22,easy,sat,Minisat22,1.574982888996601e-05,4.0,104.0,,,,True
stellarium_S_008,S,15,22,easy,smt,Z3,0.0006921668536961079,,,15.0,,,True
stellarium_S_008,S,15,22,easy,ip,Gurobi,4.74581029266119e-05,,,15.0,22.0,0.0,True
stellarium_S_009,S,18,30,easy,sat,Cadical103,9.62521880865097e-06,0.0,167.0,,,,True
stellarium_S_009,S,18,30,easy,sat,Minisat22,3.1750183552503586e-05,2.0,167.0,,,,True
stellarium_S_009,S,18,30,easy,smt,Z3,0.00036041601561009884,,,18.0,,,True
stellarium_S_009,S,18,30,easy,ip,Gurobi,4.645809531211853e-05,,,18.0,30.0,0.0,True
stellarium_S_010,S,15,25,easy,sat,Cadical103,6.958143785595894e-06,0.0,141.0,,,,True
stellarium_S_010,S,15,25,easy,sat,Minisat22,3.6667101085186005e-05,2.0,141.0,,,,True
stellarium_S_010,S,15,25,easy,smt,Z3,0.00025466689839959145,,,15.0,,,True
stellarium_S_010,S,15,25,easy,ip,Gurobi,8.066697046160698e-05,,,15.0,25.0,0.0,True
stellarium_S_011,S,18,33,easy,sat,Cadical103,5.667097866535187e-06,0.0,172.0,,,,True
stellarium_S_011,S,18,33,easy,sat,Minisat22,1.3665994629263878e-05,2.0,172.0,,,,True
stellarium_S_011,S,18,33,easy,smt,Z3,0.00025199982337653637,,,28.0,,,True
stellarium_S_011,S,18,33,easy,ip,Gurobi,2.7291011065244675e-05,,,18.0,33.0,0.0,True
stellarium_S_012,S,19,38,easy,sat,Cadical103,9.083887562155724e-06,0.0,252.0,,,,True
stellarium_S_012,S,19,38,easy,sat,Minisat22,1.491699367761612e-05,2.0,252.0,,,,True
stellarium_S_012,S,19,38,easy,smt,Z3,0.0002868331503123045,,,23.0,,,True
stellarium_S_012,S,19,38,easy,ip,Gurobi,5.3540803492069244e-05,,,19.0,38.0,0.0,True
stellarium_S_013,S,20,35,easy,sat,Cadical103,9.58307646214962e-06,0.0,224.0,,,,True
stellarium_S_013,S,20,35,easy,sat,Minisat22,1.6583828255534172e-05,3.0,224.0,,,,True
stellarium_S_013,S,20,35,easy,smt,Z3,0.0006708749569952488,,,24.0,,,True
stellarium_S_013,S,20,35,easy,ip,Gurobi,5.791615694761276e-05,,,20.0,35.0,0.0,True
stellarium_S_014,S,17,30,easy,sat,Cadical103,8.667120710015297e-06,0.0,173.0,,,,True
stellarium_S_014,S,17,30,easy,sat,Minisat22,2.6582973077893257e-05,2.0,173.0,,,,True
stellarium_S_014,S,17,30,easy,smt,Z3,0.0003231251612305641,,,23.0,,,True
stellarium_S_014,S,17,30,easy,ip,Gurobi,5.508400499820709e-05,,,17.0,30.0,0.0,True
stellarium_S_015,S,16,26,easy,sat,Cadical103,7.58306123316288e-06,0.0,153.0,,,,True
stellarium_S_015,S,16,26,easy,sat,Minisat22,3.070896491408348e-05,2.0,153.0,,,,True
stellarium_S_015,S,16,26,easy,smt,Z3,0.0002637500874698162,,,16.0,,,True
stellarium_S_015,S,16,26,easy,ip,Gurobi,3.2624928280711174e-05,,,16.0,26.0,0.0,True
stellarium_S_016,S,15,26,easy,sat,Cadical103,5.916925147175789e-06,0.0,149.0,,,,True
stellarium_S_016,S,15,26,easy,sat,Minisat22,1.3834098353981972e-05,2.0,149.0,,,,True
stellarium_S_016,S,15,26,easy,smt,Z3,0.00022333301603794098,,,19.0,,,True
stellarium_S_016,S,15,26,easy,ip,Gurobi,2.204091288149357e-05,,,15.0,26.0,0.0,True
stellarium_S_017,S,20,39,easy,sat,Cadical103,7.4999406933784485e-06,0.0,215.0,,,,True
stellarium_S_017,S,20,39,easy,sat,Minisat22,1.4625024050474167e-05,2.0,215.0,,,,True
stellarium_S_017,S,20,39,easy,smt,Z3,0.0003686249256134033,,,31.0,,,True
stellarium_S_017,S,20,39,easy,ip,Gurobi,3.8458965718746185e-05,,,20.0,39.0,0.0,True
stellarium_S_018,S,17,29,easy,sat,Cadical103,7.125083357095718e-06,0.0,185.0,,,,True
stellarium_S_018,S,17,29,easy,sat,Minisat22,1.337495632469654e-05,2.0,185.0,,,,True
stellarium_S_018,S,17,29,easy,smt,Z3,0.00034179212525486946,,,17.0,,,True
stellarium_S_018,S,17,29,easy,ip,Gurobi,3.800005652010441e-05,,,17.0,29.0,0.0,True
stellarium_S_019,S,15,31,easy,sat,Cadical103,6.749993190169334e-06,0.0,205.0,,,,True
stellarium_S_019,S,15,31,easy,sat,Minisat22,1.3541895896196365e-05,2.0,205.0,,,,True
stellarium_S_019,S,15,31,easy,smt,Z3,0.0002691249828785658,,,25.0,,,True
stellarium_S_019,S,15,31,easy,ip,Gurobi,4.6416884288191795e-05,,,15.0,31.0,0.0,True
stellarium_XL_000,XL,80,138,easy,sat,Cadical103,2.6332912966609e-05,0.0,867.0,,,,True
stellarium_XL_000,XL,80,138,easy,sat,Minisat22,2.8167152777314186e-05,2.0,867.0,,,,True
stellarium_XL_000,XL,80,138,easy,smt,Z3,0.0017117089591920376,,,85.0,,,True
stellarium_XL_000,XL,80,138,easy,ip,Gurobi,0.0003389168996363878,,,80.0,138.0,0.0,True
stellarium_XL_001,XL,79,174,easy,sat,Cadical103,3.391597419977188e-05,0.0,1118.0,,,,True
stellarium_XL_001,XL,79,174,easy,sat,Minisat22,6.645801477134228e-05,8.0,1118.0,,,,True
stellarium_XL_001,XL,79,174,easy,smt,Z3,0.0021260420326143503,,,116.0,,,True
stellarium_XL_001,XL,79,174,easy,ip,Gurobi,0.00043266708962619305,,,79.0,174.0,0.0,True
stellarium_XL_002,XL,76,141,easy,sat,Cadical103,3.3458927646279335e-05,0.0,947.0,,,,True
stellarium_XL_002,XL,76,141,easy,sat,Minisat22,4.6208035200834274e-05,4.0,947.0,,,,True
stellarium_XL_002,XL,76,141,easy,smt,Z3,0.0015233750455081463,,,76.0,,,True
stellarium_XL_002,XL,76,141,easy,ip,Gurobi,0.0003174168523401022,,,76.0,141.0,0.0,True
stellarium_XL_003,XL,79,159,easy,sat,Cadical103,3.395904786884785e-05,0.0,1032.0,,,,True
stellarium_XL_003,XL,79,159,easy,sat,Minisat22,6.987503729760647e-05,19.0,1032.0,,,,True
stellarium_XL_003,XL,79,159,easy,smt,Z3,0.00140804098919034,,,106.0,,,True
stellarium_XL_003,XL,79,159,easy,ip,Gurobi,0.0003179579507559538,,,79.0,159.0,0.0,True
stellarium_XL_004,XL,77,156,easy,sat,Cadical103,3.937515430152416e-05,0.0,1075.0,,,,True
stellarium_XL_004,XL,77,156,easy,sat,Minisat22,4.666694439947605e-05,5.0,1075.0,,,,True
stellarium_XL_004,XL,77,156,easy,smt,Z3,0.0016168749425560236,,,93.0,,,True
stellarium_XL_004,XL,77,156,easy,ip,Gurobi,0.00036279112100601196,,,77.0,156.0,0.0,True
stellarium_XL_005,XL,74,142,easy,sat,Cadical103,3.204098902642727e-05,0.0,920.0,,,,True
stellarium_XL_005,XL,74,142,easy,sat,Minisat22,3.183283843100071e-05,2.0,920.0,,,,True
stellarium_XL_005,XL,74,142,easy,smt,Z3,0.0013445829972624779,,,93.0,,,True
stellarium_XL_005,XL,74,142,easy,ip,Gurobi,0.00012516696006059647,,,74.0,142.0,0.0,True
stellarium_XL_006,XL,78,167,easy,sat,Cadical103,3.6207959055900574e-05,0.0,1128.0,,,,True
stellarium_XL_006,XL,78,167,easy,sat,Minisat22,6.937491707503796e-05,2.0,1128.0,,,,True
stellarium_XL_006,XL,78,167,easy,smt,Z3,0.001996417064219713,,,111.0,,,True
stellarium_XL_006,XL,78,167,easy,ip,Gurobi,0.0003916248679161072,,,78.0,167.0,0.0,True
stellarium_XL_007,XL,70,137,easy,sat,Cadical103,3.3207936212420464e-05,0.0,924.0,,,,True
stellarium_XL_007,XL,70,137,easy,sat,Minisat22,4.2041996493935585e-05,4.0,924.0,,,,True
stellarium_XL_007,XL,70,137,easy,smt,Z3,0.0014370831195265055,,,86.0,,,True
stellarium_XL_007,XL,70,137,easy,ip,Gurobi,0.00013316702097654343,,,70.0,137.0,0.0,True
stellarium_XL_008,XL,71,146,easy,sat,Cadical103,3.154086880385876e-05,0.0,932.0,,,,True
stellarium_XL_008,XL,71,146,easy,sat,Minisat22,4.333304241299629e-05,6.0,932.0,,,,True
stellarium_XL_008,XL,71,146,easy,smt,Z3,0.0013479581102728844,,,105.0,,,True
stellarium_XL_008,XL,71,146,easy,ip,Gurobi,0.00011100014671683311,,,71.0,146.0,0.0,True
stellarium_XL_009,XL,78,172,hard,sat,Cadical103,6.804196164011955e-05,13.0,1113.0,,,,True
stellarium_XL_009,XL,78,172,hard,sat,Minisat22,7.60830007493496e-05,18.0,1113.0,,,,True
stellarium_XL_009,XL,78,172,hard,smt,Z3,0.0019121670629829168,,,115.0,,,True
stellarium_XL_009,XL,78,172,hard,ip,Gurobi,0.0003820830024778843,,,78.0,172.0,0.0,True
stellarium_XL_010,XL,74,141,hard,sat,Cadical103,9.262491948902607e-05,23.0,941.0,,,,True
stellarium_XL_010,XL,74,141,hard,sat,Minisat22,8.237501606345177e-05,6.0,941.0,,,,True
stellarium_XL_010,XL,74,141,hard,smt,Z3,0.001665458083152771,,,88.0,,,True
stellarium_XL_010,XL,74,141,hard,ip,Gurobi,0.0003637499175965786,,,74.0,141.0,0.0,True
stellarium_XL_011,XL,80,177,hard,sat,Cadical103,4.570791497826576e-05,6.0,1199.0,,,,True
stellarium_XL_011,XL,80,177,hard,sat,Minisat22,5.229096859693527e-05,8.0,1199.0,,,,True
stellarium_XL_011,XL,80,177,hard,smt,Z3,0.0017216249834746122,,,125.0,,,True
stellarium_XL_011,XL,80,177,hard,ip,Gurobi,0.000373415881767869,,,80.0,177.0,0.0,True
stellarium_XL_012,XL,71,134,easy,sat,Cadical103,4.337495192885399e-05,0.0,896.0,,,,True
stellarium_XL_012,XL,71,134,easy,sat,Minisat22,8.649984374642372e-05,14.0,896.0,,,,True
stellarium_XL_012,XL,71,134,easy,smt,Z3,0.0019742920994758606,,,77.0,,,True
stellarium_XL_012,XL,71,134,easy,ip,Gurobi,0.00045466586016118526,,,71.0,134.0,0.0,True
stellarium_XL_013,XL,76,161,hard,sat,Cadical103,8.5500068962574e-05,16.0,1119.0,,,,True
stellarium_XL_013,XL,76,161,hard,sat,Minisat22,0.0001236249227076769,55.0,1119.0,,,,True
stellarium_XL_013,XL,76,161,hard,smt,Z3,0.0017655829433351755,,,101.0,,,True
stellarium_XL_013,XL,76,161,hard,ip,Gurobi,0.00045524979941546917,,,76.0,161.0,0.0,True
stellarium_XL_014,XL,77,146,hard,sat,Cadical103,6.345799192786217e-05,11.0,928.0,,,,True
stellarium_XL_014,XL,77,146,hard,sat,Minisat22,6.374996155500412e-05,22.0,928.0,,,,True
stellarium_XL_014,XL,77,146,hard,smt,Z3,0.0019272919744253159,,,90.0,,,True
stellarium_XL_014,XL,77,146,hard,ip,Gurobi,0.0007633750792592764,,,77.0,146.0,0.0,True
stellarium_XL_015,XL,74,158,easy,sat,Cadical103,3.875000402331352e-05,0.0,1041.0,,,,True
stellarium_XL_015,XL,74,158,easy,sat,Minisat22,0.00012837513349950314,46.0,1041.0,,,,True
stellarium_XL_015,XL,74,158,easy,smt,Z3,0.0017656248528510332,,,113.0,,,True
stellarium_XL_015,XL,74,158,easy,ip,Gurobi,0.00040266686119139194,,,74.0,158.0,0.0,True
stellarium_XL_016,XL,78,144,hard,sat,Cadical103,0.00010429183021187782,33.0,936.0,,,,True
stellarium_XL_016,XL,78,144,hard,sat,Minisat22,0.00015395903028547764,45.0,936.0,,,,True
stellarium_XL_016,XL,78,144,hard,smt,Z3,0.0020697920117527246,,,91.0,,,True
stellarium_XL_016,XL,78,144,hard,ip,Gurobi,0.0003595419693738222,,,78.0,144.0,0.0,True
stellarium_XL_017,XL,72,147,easy,sat,Cadical103,3.8665952160954475e-05,0.0,1026.0,,,,True
stellarium_XL_017,XL,72,147,easy,sat,Minisat22,4.395795986056328e-05,2.0,1026.0,,,,True
stellarium_XL_017,XL,72,147,easy,smt,Z3,0.0010502501390874386,,,95.0,,,True
stellarium_XL_017,XL,72,147,easy,ip,Gurobi,7.43749551475048e-05,,,72.0,147.0,0.0,True
stellarium_XL_018,XL,71,155,easy,sat,Cadical103,3.474997356534004e-05,0.0,1057.0,,,,True
stellarium_XL_018,XL,71,155,easy,sat,Minisat22,4.449998959898949e-05,5.0,1057.0,,,,True
stellarium_XL_018,XL,71,155,easy,smt,Z3,0.001267292071133852,,,112.0,,,True
stellarium_XL_018,XL,71,155,easy,ip,Gurobi,0.00011320807971060276,,,71.0,155.0,0.0,True
stellarium_XL_019,XL,80,168,easy,sat,Cadical103,3.9207981899380684e-05,0.0,1201.0,,,,True
stellarium_XL_019,XL,80,168,easy,sat,Minisat22,5.24579081684351e-05,2.0,1201.0,,,,True
stellarium_XL_019,XL,80,168,easy,smt,Z3,0.0013939999043941498,,,111.0,,,True
stellarium_XL_019,XL,80,168,easy,ip,Gurobi,0.0003570839762687683,,,80.0,168.0,0.0,True
stellarium_XS_000,XS,10,14,easy,sat,Cadical103,5.915993824601173e-06,0.0,70.0,,,,True
stellarium_XS_000,XS,10,14,easy,sat,Minisat22,1.9042054191231728e-05,2.0,70.0,,,,True
stellarium_XS_000,XS,10,14,easy,smt,Z3,0.00016654212959110737,,,10.0,,,True
stellarium_XS_000,XS,10,14,easy,ip,Gurobi,2.500019036233425e-05,,,10.0,14.0,0.0,True
stellarium_XS_001,XS,8,12,easy,sat,Cadical103,3.959052264690399e-06,0.0,61.0,,,,True
stellarium_XS_001,XS,8,12,easy,sat,Minisat22,1.1499971151351929e-05,2.0,61.0,,,,True
stellarium_XS_001,XS,8,12,easy,smt,Z3,0.00021308287978172302,,,10.0,,,True
stellarium_XS_001,XS,8,12,easy,ip,Gurobi,2.5583896785974503e-05,,,8.0,12.0,0.0,True
stellarium_XS_002,XS,9,16,easy,sat,Cadical103,5.00003807246685e-06,0.0,91.0,,,,True
stellarium_XS_002,XS,9,16,easy,sat,Minisat22,5.6499848142266273e-05,2.0,91.0,,,,True
stellarium_XS_002,XS,9,16,easy,smt,Z3,0.00019704201258718967,,,14.0,,,True
stellarium_XS_002,XS,9,16,easy,ip,Gurobi,2.7416972443461418e-05,,,9.0,16.0,0.0,True
stellarium_XS_003,XS,8,15,easy,sat,Cadical103,4.915986210107803e-06,0.0,72.0,,,,True
stellarium_XS_003,XS,8,15,easy,sat,Minisat22,0.00011833407916128635,2.0,72.0,,,,True
stellarium_XS_003,XS,8,15,easy,smt,Z3,0.00021174992434680462,,,11.0,,,True
stellarium_XS_003,XS,8,15,easy,ip,Gurobi,4.3584033846855164e-05,,,8.0,15.0,0.0,True
stellarium_XS_004,XS,10,15,easy,sat,Cadical103,7.916009053587914e-06,0.0,78.0,,,,True
stellarium_XS_004,XS,10,15,easy,sat,Minisat22,0.00010304199531674385,2.0,78.0,,,,True
stellarium_XS_004,XS,10,15,easy,smt,Z3,0.00024345796555280685,,,10.0,,,True
stellarium_XS_004,XS,10,15,easy,ip,Gurobi,4.5625027269124985e-05,,,10.0,15.0,0.0,True
stellarium_XS_005,XS,10,21,easy,sat,Cadical103,7.041962817311287e-06,0.0,113.0,,,,True
stellarium_XS_005,XS,10,21,easy,sat,Minisat22,1.6624806448817253e-05,2.0,113.0,,,,True
stellarium_XS_005,XS,10,21,easy,smt,Z3,0.00018316600471735,,,21.0,,,True
stellarium_XS_005,XS,10,21,easy,ip,Gurobi,2.087489701807499e-05,,,10.0,21.0,0.0,True
stellarium_XS_006,XS,10,18,easy,sat,Cadical103,5.666865035891533e-06,0.0,117.0,,,,True
stellarium_XS_006,XS,10,18,easy,sat,Minisat22,1.6167061403393745e-05,2.0,117.0,,,,True
stellarium_XS_006,XS,10,18,easy,smt,Z3,0.00021104095503687859,,,12.0,,,True
stellarium_XS_006,XS,10,18,easy,ip,Gurobi,2.474989742040634e-05,,,10.0,18.0,0.0,True
stellarium_XS_007,XS,10,15,easy,sat,Cadical103,4.375120624899864e-06,0.0,85.0,,,,True
stellarium_XS_007,XS,10,15,easy,sat,Minisat22,1.3292068615555763e-05,2.0,85.0,,,,True
stellarium_XS_007,XS,10,15,easy,smt,Z3,0.00018270895816385746,,,10.0,,,True
stellarium_XS_007,XS,10,15,easy,ip,Gurobi,2.4082837626338005e-05,,,10.0,15.0,0.0,True
stellarium_XS_008,XS,8,14,easy,sat,Cadical103,3.707828000187874e-06,0.0,84.0,,,,True
stellarium_XS_008,XS,8,14,easy,sat,Minisat22,1.2750038877129555e-05,2.0,84.0,,,,True
stellarium_XS_008,XS,8,14,easy,smt,Z3,0.00015920796431601048,,,10.0,,,True
stellarium_XS_008,XS,8,14,easy,ip,Gurobi,2.3042084649205208e-05,,,8.0,14.0,0.0,True
stellarium_XS_009,XS,8,12,easy,sat,Cadical103,3.4999102354049683e-06,0.0,55.0,,,,True
stellarium_XS_009,XS,8,12,easy,sat,Minisat22,2.3583881556987762e-05,2.0,55.0,,,,True
stellarium_XS_009,XS,8,12,easy,smt,Z3,0.0001677088439464569,,,10.0,,,True
stellarium_XS_009,XS,8,12,easy,ip,Gurobi,2.395804040133953e-05,,,8.0,12.0,0.0,True
stellarium_XS_010,XS,8,11,easy,sat,Cadical103,3.4170225262641907e-06,0.0,52.0,,,,True
stellarium_XS_010,XS,8,11,easy,sat,Minisat22,1.0333023965358734e-05,2.0,52.0,,,,True
stellarium_XS_010,XS,8,11,easy,smt,Z3,0.00014587491750717163,,,8.0,,,True
stellarium_XS_010,XS,8,11,easy,ip,Gurobi,2.7041882276535034e-05,,,8.0,11.0,0.0,True
stellarium_XS_011,XS,10,17,easy,sat,Cadical103,4.875008016824722e-06,0.0,105.0,,,,True
stellarium_XS_011,XS,10,17,easy,sat,Minisat22,1.1375173926353455e-05,2.0,105.0,,,,True
stellarium_XS_011,XS,10,17,easy,smt,Z3,0.00019679195247590542,,,12.0,,,True
stellarium_XS_011,XS,10,17,easy,ip,Gurobi,1.9582919776439667e-05,,,10.0,17.0,0.0,True
stellarium_XS_012,XS,10,16,easy,sat,Cadical103,4.499917849898338e-06,0.0,97.0,,,,True
stellarium_XS_012,XS,10,16,easy,sat,Minisat22,1.0249903425574303e-05,2.0,97.0,,,,True
stellarium_XS_012,XS,10,16,easy,smt,Z3,0.00016908417455852032,,,10.0,,,True
stellarium_XS_012,XS,10,16,easy,ip,Gurobi,1.9832979887723923e-05,,,10.0,16.0,0.0,True
stellarium_XS_013,XS,10,16,easy,sat,Cadical103,4.00003045797348e-06,0.0,80.0,,,,True
stellarium_XS_013,XS,10,16,easy,sat,Minisat22,1.0333023965358734e-05,2.0,80.0,,,,True
stellarium_XS_013,XS,10,16,easy,smt,Z3,0.00017120805568993092,,,14.0,,,True
stellarium_XS_013,XS,10,16,easy,ip,Gurobi,2.095801755785942e-05,,,10.0,16.0,0.0,True
stellarium_XS_014,XS,10,15,easy,sat,Cadical103,3.833789378404617e-06,0.0,90.0,,,,True
stellarium_XS_014,XS,10,15,easy,sat,Minisat22,9.916024282574654e-06,2.0,90.0,,,,True
stellarium_XS_014,XS,10,15,easy,smt,Z3,0.00015962496399879456,,,12.0,,,True
stellarium_XS_014,XS,10,15,easy,ip,Gurobi,1.9999919459223747e-05,,,10.0,15.0,0.0,True
stellarium_XS_015,XS,9,16,easy,sat,Cadical103,4.334142431616783e-06,0.0,101.0,,,,True
stellarium_XS_015,XS,9,16,easy,sat,Minisat22,1.1124880984425545e-05,2.0,101.0,,,,True
stellarium_XS_015,XS,9,16,easy,smt,Z3,0.00015904195606708527,,,16.0,,,True
stellarium_XS_015,XS,9,16,easy,ip,Gurobi,1.6583828255534172e-05,,,9.0,16.0,0.0,True
stellarium_XS_016,XS,9,15,easy,sat,Cadical103,4.00003045797348e-06,0.0,87.0,,,,True
stellarium_XS_016,XS,9,15,easy,sat,Minisat22,1.0041985660791397e-05,2.0,87.0,,,,True
stellarium_XS_016,XS,9,15,easy,smt,Z3,0.0001769170630723238,,,9.0,,,True
stellarium_XS_016,XS,9,15,easy,ip,Gurobi,2.683396451175213e-05,,,9.0,15.0,0.0,True
stellarium_XS_017,XS,9,14,easy,sat,Cadical103,3.4170225262641907e-06,0.0,69.0,,,,True
stellarium_XS_017,XS,9,14,easy,sat,Minisat22,9.834067896008492e-06,2.0,69.0,,,,True
stellarium_XS_017,XS,9,14,easy,smt,Z3,0.00018091709353029728,,,9.0,,,True
stellarium_XS_017,XS,9,14,easy,ip,Gurobi,2.2292137145996094e-05,,,9.0,14.0,0.0,True
stellarium_XS_018,XS,8,15,easy,sat,Cadical103,3.7499703466892242e-06,0.0,88.0,,,,True
stellarium_XS_018,XS,8,15,easy,sat,Minisat22,1.0167015716433525e-05,2.0,88.0,,,,True
stellarium_XS_018,XS,8,15,easy,smt,Z3,0.00015583308413624763,,,14.0,,,True
stellarium_XS_018,XS,8,15,easy,ip,Gurobi,1.6333069652318954e-05,,,8.0,15.0,0.0,True
stellarium_XS_019,XS,8,13,easy,sat,Cadical103,3.875000402331352e-06,0.0,78.0,,,,True
stellarium_XS_019,XS,8,13,easy,sat,Minisat22,1.033395528793335e-05,2.0,78.0,,,,True
stellarium_XS_019,XS,8,13,easy,smt,Z3,0.00016266712918877602,,,8.0,,,True
stellarium_XS_019,XS,8,13,easy,ip,Gurobi,2.4541979655623436e-05,,,8.0,13.0,0.0,True
